Workbook

Sheet Calendar
A1: Week # | B1: Publish Date | C1: Pillar | D1: Target Town | E1: Primary Keyword | F1: Secondary Keywords | G1: Search Intent | H1: Title | I1: URL Slug | J1: Internal Link Targets | K1: Priority | L1: Status | M1: Notes
A2: 1 | B2: 46146 | C2: Maine State Inspection | D2: Portland | E2: maine state inspection portland | F2: inspection sticker portland, $18.50 inspection maine | G2: Commercial | H2: Maine State Inspection Near Portland, ME: What $18.50 Actually Gets You | I2: maine-state-inspection-portland | J2: /cities/portland.html, /services.html#inspection, /faq.html | K2: P0 | L2: Not started
A3: 2 | B3: 46153 | C3: Brakes | D3: Portland | E3: brake repair portland maine | F3: brake pads portland, brake rotors portland | G3: Commercial | H3: Brake Repair in Portland, Maine: Pads, Rotors, and What Dealerships Charge Too Much For | I3: brake-repair-portland-maine | J3: /cities/portland.html, /services.html#brakes | K3: P0 | L3: Not started
A4: 3 | B4: 46160 | C4: Check Engine / Diagnostics | D4: Scarborough | E4: check engine light scarborough | F4: OBDII scan scarborough, diagnostic scarborough maine | G4: Informational | H4: Check Engine Light On in Scarborough? Here's What It Costs to Actually Diagnose | I4: check-engine-light-scarborough | J4: /cities/scarborough.html, /services.html#diagnostics | K4: P1 | L4: Not started
A5: 4 | B5: 46167 | C5: Seasonal (Winter/Summer) | D5: Sebago | E5: spring car checkup maine | F5: spring maintenance sebago, after winter car maine | G5: Informational | H5: Your Spring Car Checkup: What Maine Winters Break and How to Find It | I5: spring-car-checkup-maine | J5: /services.html, /faq.html | K5: P1 | L5: Not started
A6: 5 | B6: 46174 | C6: Maine State Inspection | D6: South Portland | E6: maine inspection south portland | F6: south portland inspection sticker, cumberland county inspection | G6: Commercial | H6: Maine State Inspection in South Portland: Where to Go, What It Costs, What They Check | I6: maine-inspection-south-portland | J6: /cities/south-portland.html, /services.html#inspection | K6: P0 | L6: Not started
A7: 6 | B7: 46181 | C7: Brakes | D7: Westbrook | E7: brake service westbrook maine | F7: brake pads westbrook, squeaky brakes westbrook | G7: Commercial | H7: Brake Service in Westbrook, Maine: How to Tell When Pads Are Actually Done | I7: brake-service-westbrook-maine | J7: /cities/westbrook.html, /services.html#brakes | K7: P0 | L7: Not started
A8: 7 | B8: 46188 | C8: Tires & Alignment | D8: Yarmouth | E8: tire rotation yarmouth maine | F8: alignment yarmouth, new tires yarmouth | G8: Commercial | H8: Tires, Rotations, and Alignments for Yarmouth Commuters on I-295 | I8: tires-alignment-yarmouth-maine | J8: /cities/yarmouth.html, /services.html#tires | K8: P1 | L8: Not started
A9: 8 | B9: 46195 | C9: Oil & Fluids | D9: Falmouth | E9: oil change falmouth maine | F9: synthetic oil falmouth, how often oil change maine | G9: Commercial | H9: Oil Change Intervals for Falmouth Drivers: Synthetic vs Conventional, Real Numbers | I9: oil-change-falmouth-maine | J9: /cities/falmouth.html, /services.html#oil | K9: P1 | L9: Not started
A10: 9 | B10: 46202 | C10: Seasonal (Winter/Summer) | D10: Raymond | E10: boat trailer maintenance maine | F10: trailer hitch raymond, tow vehicle check maine | G10: Informational | H10: Towing to Sebago Lake This Summer? Run Through This Tow-Rig Checklist First | I10: boat-trailer-maintenance-maine | J10: /cities/raymond.html, /services.html#towing | K10: P1 | L10: Not started
A11: 10 | B11: 46209 | C11: Check Engine / Diagnostics | D11: Portland | E11: flashing check engine light maine | F11: flashing CEL portland, misfire diagnosis maine | G11: Informational | H11: Flashing Check Engine Light in Portland: Why You Should Pull Over Now | I11: flashing-check-engine-light-maine | J11: /cities/portland.html, /services.html#diagnostics | K11: P0 | L11: Not started
A12: 11 | B12: 46216 | C12: Brakes | D12: Cape Elizabeth | E12: brake repair cape elizabeth | F12: cape elizabeth brakes, brake caliper cape elizabeth | G12: Commercial | H12: Brake Repair in Cape Elizabeth: When It's the Pads, and When It's the Caliper | I12: brake-repair-cape-elizabeth | J12: /cities/cape-elizabeth.html, /services.html#brakes | K12: P1 | L12: Not started
A13: 12 | B13: 46223 | C13: Maine State Inspection | D13: Freeport | E13: maine state inspection freeport | F13: freeport inspection sticker, cumberland county inspection fee | G13: Commercial | H13: Maine State Inspection in Freeport: $18.50, 45 Minutes, Honest Pass/Fail | I13: maine-state-inspection-freeport | J13: /cities/freeport.html, /services.html#inspection | K13: P1 | L13: Not started
... A49: 48 | B49: 46475 | C49: Brakes | D49: Scarborough | E49: emergency brake stuck maine | F49: parking brake frozen maine, ebrake cable scarborough | G49: Informational | H49: Stuck Parking Brake in Maine: How to Release It and When to Replace the Cable | I49: emergency-brake-stuck-maine | J49: /cities/scarborough.html, /services.html#brakes | K49: P2 | L49: Not started

Sheet Summary
A1: Posts by Pillar
A2: Pillar | B2: Count
A3: Maine State Inspection | B3: =COUNTIF(Calendar!C:C,A3) -> 9
A4: Brakes | B4: =COUNTIF(Calendar!C:C,A4) -> 11
A5: Check Engine / Diagnostics | B5: =COUNTIF(Calendar!C:C,A5) -> 8
A6: Oil & Fluids | B6: =COUNTIF(Calendar!C:C,A6) -> 5
A7: Tires & Alignment | B7: =COUNTIF(Calendar!C:C,A7) -> 6
A8: Seasonal (Winter/Summer) | B8: =COUNTIF(Calendar!C:C,A8) -> 9
A9: TOTAL | B9: =SUM(B3:B8) -> 48
A12: Posts by Target Town
A13: Town | B13: Count
A14: Portland | B14: =COUNTIF(Calendar!D:D,A14) -> 6
A15: South Portland | B15: =COUNTIF(Calendar!D:D,A15) -> 4
A16: Scarborough | B16: =COUNTIF(Calendar!D:D,A16) -> 4
A17: Westbrook | B17: =COUNTIF(Calendar!D:D,A17) -> 4
A18: Falmouth | B18: =COUNTIF(Calendar!D:D,A18) -> 3
A19: Cape Elizabeth | B19: =COUNTIF(Calendar!D:D,A19) -> 2
A20: Yarmouth | B20: =COUNTIF(Calendar!D:D,A20) -> 4
A21: Freeport | B21: =COUNTIF(Calendar!D:D,A21) -> 2
A22: Cumberland | B22: =COUNTIF(Calendar!D:D,A22) -> 3
A23: Raymond | B23: =COUNTIF(Calendar!D:D,A23) -> 3
A24: Standish | B24: =COUNTIF(Calendar!D:D,A24) -> 4
A25: Gorham | B25: =COUNTIF(Calendar!D:D,A25) -> 2
... A29: Buxton | B29: =COUNTIF(Calendar!D:D,A29) -> 2
A33: Posts by Intent
A34: Intent | B34: Count
A35: Informational | B35: =COUNTIF(Calendar!G:G,A35) -> 25
A36: Commercial | B36: =COUNTIF(Calendar!G:G,A36) -> 23
A37: Transactional | B37: =COUNTIF(Calendar!G:G,A37) -> 0
A41: Posts by Priority
A42: Priority | B42: Count
A43: P0 | B43: =COUNTIF(Calendar!K:K,A43) -> 12
A44: P1 | B44: =COUNTIF(Calendar!K:K,A44) -> 23
A45: P2 | B45: =COUNTIF(Calendar!K:K,A45) -> 13
A49: Completion
A50: Published | B50: =COUNTIF(Calendar!L:L,"Published") -> 0
A51: Drafted | B51: =COUNTIF(Calendar!L:L,"Drafted") -> 0
A52: Not started | B52: =COUNTIF(Calendar!L:L,"Not started") -> 48
A53: % Complete | B53: =IFERROR(B50/(48),0) -> 0

Sheet Playbook
A1: Content Playbook — How to use this calendar
A2: Rule | B2: Detail
A3: Cadence | B3: One post per week. Batch-draft 4 at a time, publish Monday.
A4: Word count target | B4: 1,000-1,400 words per post. Long enough to rank, short enough to actually finish.
A5: Title rule | B5: Always include the primary town and/or primary service keyword near the front.
A6: URL rule | B6: /blog/<slug>/ — lowercase, hyphens, no stop words, no dates.
A7: Meta description rule | B7: 150-160 characters. Include phone number on commercial posts.
A8: H1 rule | B8: One H1 per page, matching intent of the primary keyword.
A9: Internal links | B9: Minimum 2 internal links per post — one to the matching city page, one to the relevant service anchor.
A10: Schema rule | B10: Every post gets BlogPosting + BreadcrumbList JSON-LD. FAQ posts add FAQPage.
A11: Image rule | B11: One hero image minimum. Filename + alt text include primary keyword.
A12: CTA rule | B12: Phone number + contact-form link in the closing paragraph. Commercial posts get a mid-article CTA too.
A13: Publish workflow | B13: Draft in Google Docs → review with checklist (Playbook cols) → publish as static HTML → submit URL in GSC → add to internal links on 1 hub page.
... A16: Intent meaning | B16: Commercial = ready-to-buy town+service queries. Informational = problem-aware, top-of-funnel. Transactional = direct appointment intent.

Sheet Per-Post Checklist
A1: Per-Post Publishing Checklist
A2: # | B2: Check | C2: Done?
A3: 1 | B3: Title tag ≤ 60 characters and contains primary keyword | C3: ☐
A4: 2 | B4: Meta description 150-160 characters and contains primary keyword | C4: ☐
A5: 3 | B5: One H1, matches search intent | C5: ☐
A6: 4 | B6: 2-3 H2s, one H2 contains the primary keyword | C6: ☐
A7: 5 | B7: URL slug is lowercase, hyphenated, no stop words | C7: ☐
A8: 6 | B8: Target word count hit (1,000-1,400) | C8: ☐
A9: 7 | B9: ≥ 2 internal links (1 city page, 1 service anchor) | C9: ☐
A10: 8 | B10: ≥ 1 external link to authoritative source (Maine BMV, manufacturer docs, etc.) | C10: ☐
A11: 9 | B11: Primary keyword used in first 100 words | C11: ☐
A12: 10 | B12: Primary keyword used in one H2 | C12: ☐
A13: 11 | B13: Hero image present with descriptive alt text | C13: ☐
A14: 12 | B14: At least one in-article CTA (phone + contact link) | C14: ☐
... A20: 18 | B20: Status updated in calendar to 'Published' | C20: ☐
